error_code,category,description,cause,resolution,http_status
AUTH_INVALID_TOKEN,Authentication,The API token is invalid or malformed.,The provided Bearer token is incorrect or no longer valid.,Verify the API token and send it using the Authorization Bearer Token header.,401
AUTH_MISSING_TOKEN,Authentication,The API request does not include an authentication token.,The Authorization header is missing or does not contain a Bearer token.,Provide a valid API token in the Authorization header.,401
AUTH_INSUFFICIENT_ACCESS,Authentication,The authenticated account does not have permission to perform the requested operation.,The API token does not have sufficient access for the requested resource or action.,Verify the account permissions and use a token with the required access.,403
RATE_LIMIT_EXCEEDED,Rate Limiting,The API request rate limit has been exceeded.,The account has exceeded its plan rate limit of 60 requests per minute for Pro or 300 requests per minute for Enterprise.,Wait before retrying and reduce request frequency to remain within the applicable plan limit.,429
RATE_LIMIT_RETRY_REQUIRED,Rate Limiting,The request must be retried after the rate limit window resets.,Too many requests were submitted within the current rate limit window.,Wait and retry the request after the rate limit window resets.,429
TICKET_NOT_FOUND,Ticket API,The requested ticket could not be found.,The specified ticket_id does not exist or is not accessible.,Verify the ticket_id and retry the request.,404
TICKET_INVALID_STATUS,Ticket API,The ticket status is invalid.,The request contains a status value other than open pending resolved or closed.,Use one of the supported ticket statuses: open pending resolved or closed.,400
TICKET_INVALID_PRIORITY,Ticket API,The ticket priority is invalid.,The request contains a priority value other than low medium high or urgent.,Use one of the supported ticket priorities: low medium high or urgent.,400
TICKET_REQUIRED_FIELD,Ticket API,A required ticket field is missing.,The request does not provide a required field such as customer_id subject or description.,Add the missing required field and submit the request again.,400
CUSTOMER_NOT_FOUND,Customer API,The requested customer could not be found.,The specified customer_id does not exist or is not accessible.,Verify the customer_id and retry the request.,404
CUSTOMER_INVALID_EMAIL,Customer API,The customer email address is invalid.,The email value does not use a valid email address format.,Provide a valid customer email address and retry the request.,400
CUSTOMER_REQUIRED_FIELD,Customer API,A required customer field is missing.,The request does not provide a required customer field such as name or email.,Add the missing required field and submit the request again.,400
WEBHOOK_DELIVERY_FAILED,Webhooks,A webhook delivery failed.,The configured webhook endpoint did not successfully accept the HTTPS POST request.,Check the receiving endpoint and connectivity; FlowDesk will retry failed deliveries up to 3 times.,502
WEBHOOK_ENDPOINT_INVALID,Webhooks,The webhook endpoint is invalid or cannot be used.,The configured endpoint is not a valid HTTPS endpoint.,Provide a valid HTTPS webhook endpoint and verify that it can receive POST requests.,400
WEBHOOK_DELIVERY_TIMEOUT,Webhooks,The webhook endpoint did not respond within the delivery window.,The receiving HTTPS endpoint took too long to respond.,Check the endpoint response time and availability; FlowDesk will retry the failed delivery up to 3 times.,504
